
  {

    "slug": "api-data-extraction",

    "title": "API Data Extraction",
    "serviceDescription": "Unlock valuable insights and streamline your data processes with our API data extraction services. We specialize in extracting, transforming, and loading (ETL) data from diverse APIs, providing you with a reliable and efficient solution to gather and utilize data from various sources.",
    "keyFeatures": [
      "Seamless API Integration",
      "Data Transformation and Enrichment",
      "Real-time or Batch Processing",
      "Scalable and Reliable Data Extraction",
      "Customized Data Pipelines",
      "Quality Assurance and Error Handling",
      "Comprehensive Data Security",
      "Monitoring and Performance Optimization"
    ],
    "benefits": [
      "Access to Diverse Data Sources",
      "Improved Data Accuracy and Consistency",
      "Faster Decision-Making with Real-time Data",
      "Cost-Effective Data Processing",
      "Scalability to Handle Growing Data Volumes",
      "Customizable Solutions Based on Business Needs",
      "Enhanced Data Quality and Reliability",
      "Ensured Data Security and Compliance"
    ],
    "caseStudies": [
      {
        "title1": "Streamlined Financial Reporting",
        "description": "Discover how our API data extraction services empowered a financial institution to automate the extraction of market data, enabling real-time updates and enhancing the accuracy of financial reports."
      },
      {
        "title2": "Enhanced Customer Analytics",
        "description": "Explore a case study where our expertise in API data extraction supported an e-commerce business in aggregating customer behavior data from various platforms, leading to more informed marketing strategies."
      }
    ]
  }
  