

{

  "slug": "data-analytics",

  "title": "Data Analytics",
  "serviceDescription": "Unlock valuable insights from your data with our Data Analytics services. We offer advanced analytics solutions to help you make informed decisions, identify trends, and extract actionable intelligence from your vast datasets.",
  "keyFeatures": [
    "Predictive Analytics",
    "Descriptive and Diagnostic Analytics",
    "Data Mining and Pattern Recognition",
    "Statistical Analysis",
    "Machine Learning Algorithms",
    "Real-time Analytics",
    "Data Visualization",
    "Custom Analytics Solutions"
  ],
  "benefits": [
    "Informed Decision-Making Based on Data",
    "Enhanced Business Performance",
    "Identifying Opportunities and Risks",
    "Improved Customer Satisfaction",
    "Optimized Operational Processes",
    "Proactive Issue Detection",
    "Scalable Analytics Solutions",
    "Competitive Advantage through Data Insights"
  ],
  "caseStudies": [
    {
      "title1": "Enhanced Customer Engagement",
      "description": "Learn how our Data Analytics services transformed a retail company's customer engagement strategies, resulting in personalized marketing campaigns and increased customer satisfaction."
    },
    {
      "title2": "Operational Efficiency Boost",
      "description": "Explore a case study showcasing our expertise in implementing Data Analytics solutions for a manufacturing client, leading to streamlined processes and significant operational efficiency improvements."
    }
  ]
}
