
{

  "slug": "data-security-and-governance",

  "title": "Data Security and Governance",
  "serviceDescription": "Ensure the confidentiality, integrity, and availability of your data through our comprehensive Data Security and Governance services. We implement robust security measures and governance frameworks to protect sensitive information and maintain compliance with industry regulations.",
  "keyComponents": [
    "Data Encryption and Decryption",
    "Access Control Policies",
    "Data Masking and Anonymization",
    "Identity and Access Management (IAM)",
    "Audit and Compliance Monitoring",
    "Data Classification and Labeling",
    "Policy Enforcement",
    "Security Awareness Training"
  ],
  "benefits": [
    "Enhanced Data Privacy",
    "Reduced Security Risks",
    "Compliance with Regulatory Standards",
    "Improved Incident Response",
    "Secure Data Sharing",
    "Efficient Access Management",
    "Transparent Audit Trails",
    "Aligned with Data Governance Best Practices"
  ],
  "caseStudies": [
    {
      "title1": "Regulatory Compliance Success",
      "description": "Discover how our Data Security and Governance solution helped a healthcare client achieve regulatory compliance, ensuring the protection of patient data and adherence to healthcare privacy standards."
    },
    {
      "title2": "Secure Collaboration Platform",
      "description": "Explore a case study highlighting our expertise in implementing a secure collaboration platform for a financial institution, enabling secure data sharing and collaboration among internal teams."
    }
  ]
}
