




{
  "slug": "data-lakes-and-warehouses",

  "title": "Data Lakes and Warehouses",
  "serviceDescription": "Transform your data into actionable insights with our Data Lakes and Warehouses services. We specialize in designing and implementing scalable data repositories, allowing you to store, manage, and analyze vast amounts of structured and unstructured data efficiently.",
  "keyComponents": [
    "Data Lake Design and Implementation",
    "Data Warehouse Development",
    "Integration with Big Data Technologies",
    "Real-time Data Processing",
    "Data Partitioning and Indexing",
    "Schema Design",
    "Query Optimization",
    "Data Archiving Strategies"
  ],
  "benefits": [
    "Centralized Data Storage",
    "Scalable Infrastructure for Growing Data",
    "Support for Structured and Unstructured Data",
    "Enhanced Data Processing Speed",
    "Improved Data Accessibility",
    "Advanced Analytics Capabilities",
    "Cost-Effective Data Management",
    "Adherence to Data Governance Standards"
  ],
  "caseStudies": [
    {
      "title1": "Unified Data Repository",
      "description": "Learn how our Data Lakes and Warehouses solution helped a retail client establish a unified data repository, providing a comprehensive view of customer interactions and improving marketing strategies."
    },
    {
      "title2": "Real-time Analytics",
      "description": "Explore a case study showcasing our expertise in implementing a real-time data processing solution for a financial services company, enabling them to make instant decisions based on market trends."
    }
  ]
}








