

{

  "slug": "end-to-end-data-pipeline-solutions",

  "title": "End-to-End Data Pipeline Solutions",
  "serviceDescription": "Experience seamless data processing from source to destination with our comprehensive End-to-End Data Pipeline Solutions. We design, implement, and optimize data pipelines that facilitate the smooth flow of data through various stages, ensuring reliability, scalability, and efficiency.",
  "keyComponents": [
    "Data Ingestion",
    "Data Processing and Transformation",
    "Data Storage Solutions",
    "Data Quality Assurance",
    "Orchestration and Workflow Management",
    "Real-time and Batch Processing",
    "Monitoring and Logging",
    "Scalable Infrastructure Design"
  ],
  "benefits": [
    "Efficient Data Integration",
    "Real-time and Batch Processing Capabilities",
    "Improved Data Accuracy and Quality",
    "Scalable Infrastructure for Growing Data Demands",
    "Enhanced Workflow Automation",
    "Cost-Effective Data Storage Solutions",
    "Comprehensive Monitoring and Logging",
    "Accelerated Time-to-Insight"
  ],
  "caseStudies": [
    {
      "title1": "Scalable Data Processing for E-commerce",
      "description": "Explore how our End-to-End Data Pipeline Solutions empowered an e-commerce business to handle increasing data volumes, ensuring timely and accurate data processing for enhanced customer insights and operational efficiency."
    },
    {
      "title2": "Real-time Analytics for Financial Services",
      "description": "Learn about our success in implementing real-time data pipelines for a financial services client, enabling them to make data-driven decisions and respond rapidly to market changes."
    }
  ]
}
