

  
  {
    "slug": "cloud-architecture-consulting",

    "title": "Cloud Architecture Consulting",
    "introduction": "Empower your business with expert Cloud Architecture Consulting services. Our team of experienced architects provides strategic guidance to design, implement, and optimize cloud solutions tailored to meet your unique business needs.",
    "content": {
      "title1": "Assessment and Planning",
      "description1": "Conduct a comprehensive assessment of your current infrastructure and business requirements. Our Cloud Architecture Consulting services include strategic planning to design a cloud infrastructure that aligns with your goals and objectives.",
      "title2": "Architecture Design",
      "description2": "Benefit from custom-tailored cloud architecture designs based on industry best practices. Our consultants collaborate with your team to create scalable, secure, and performance-optimized cloud solutions.",
      "title3": "Migration Strategy",
      "description3": "Plan and execute seamless migrations to the cloud. Our consultants develop migration strategies that minimize downtime, ensure data integrity, and optimize performance during the transition.",
      "title4": "Security and Compliance",
      "description4": "Prioritize security with robust cloud architecture. We address security and compliance considerations, implementing measures to protect data, applications, and infrastructure in accordance with industry standards.",
      "title5": "Cost Optimization",
      "description5": "Optimize cloud costs without compromising performance. Our consultants analyze usage patterns, identify cost-saving opportunities, and implement strategies to ensure efficient resource utilization.",
      "title6": "Performance Optimization",
      "description6": "Fine-tune your cloud environment for optimal performance. We conduct performance assessments, identify bottlenecks, and implement optimizations to enhance the speed and efficiency of your cloud infrastructure.",
      "title7": "Scalability Planning",
      "description7": "Prepare for growth with scalable cloud solutions. Our consultants devise strategies for scalable architectures, ensuring your infrastructure can adapt seamlessly to changing workloads and demands.",
      "title8": "Continuous Monitoring and Support",
      "description8": "Implement robust monitoring and support mechanisms. We provide ongoing support, monitoring system performance, addressing issues proactively, and ensuring the continuous health of your cloud environment."
    }
  }
  
  
  