


  {

    "slug": "cloud-data-lakes-and-warehouses",

    "title": "Cloud Data Lakes and Warehouses",
    "introduction": "Unlock the power of your data with our Cloud Data Lakes and Warehouses services. Leverage scalable, secure, and efficient data storage and processing solutions tailored to meet your business's evolving data needs.",
    "content": {
      "title1": "Data Lake Implementation",
      "description1": "Implement robust data lakes to store and manage vast amounts of structured and unstructured data. Our services include designing and deploying scalable data lake architectures to accommodate diverse data types.",
      "title2": "Data Warehouse Design",
      "description2": "Optimize your data architecture with efficient data warehousing solutions. Our experts design and implement data warehouses that enable quick and reliable access to organized, structured data for analytics and reporting.",
      "title3": "Data Integration",
      "description3": "Ensure seamless data integration across your organization. Our services cover the integration of data from various sources into data lakes and warehouses, fostering a unified and comprehensive view of your data.",
      "title4": "Scalable Processing",
      "description4": "Achieve high-performance data processing at scale. Our consultants design and implement scalable processing solutions, leveraging cloud-based technologies to handle large volumes of data efficiently.",
      "title5": "Data Governance and Security",
      "description5": "Prioritize data governance and security in your cloud environment. We implement robust governance frameworks and security measures to safeguard your data, ensuring compliance with industry regulations.",
      "title6": "Advanced Analytics",
      "description6": "Extract actionable insights from your data with advanced analytics. Our services include implementing analytics solutions that leverage machine learning and AI to derive meaningful patterns and predictions.",
      "title7": "Real-time Data Processing",
      "description7": "Enable real-time data processing for timely insights. Our experts design and implement solutions for processing and analyzing data in real-time, supporting dynamic decision-making in your organization.",
      "title8": "Cost-effective Storage Solutions",
      "description8": "Optimize storage costs with efficient data storage solutions. We assess data storage requirements, implement cost-effective storage solutions, and provide strategies for managing data lifecycle effectively."
    }
  }
  
  
  
  