



  {
    "slug": "cloud-security-and-iam-implementation",

    "title": "Cloud Security and IAM Implementation",
    "introduction": "Elevate your cloud infrastructure's security posture with our Cloud Security and Identity and Access Management (IAM) implementation services. We provide comprehensive solutions to safeguard your assets and ensure secure access controls.",
    "content": {
      "title1": "Cloud Security Assessment",
      "description1": "Conduct a thorough assessment of your cloud security posture. Our experts evaluate your existing cloud environment, identify vulnerabilities, and provide recommendations to enhance overall security.",
      "title2": "Identity and Access Management (IAM)",
      "description2": "Implement robust IAM solutions to manage user identities and control access permissions. We design and deploy IAM frameworks that ensure only authorized individuals have access to your cloud resources.",
      "title3": "Multi-factor Authentication (MFA)",
      "description3": "Enhance user authentication with multi-factor authentication. Our services include implementing MFA solutions to add an additional layer of security, mitigating the risk of unauthorized access.",
      "title4": "Data Encryption",
      "description4": "Secure your data with advanced encryption techniques. We implement data encryption solutions to protect data at rest, in transit, and during processing, ensuring confidentiality and integrity.",
      "title5": "Security Incident Response",
      "description5": "Prepare for and respond to security incidents effectively. Our experts design and implement security incident response plans to minimize the impact of security breaches and ensure a swift response.",
      "title6": "Cloud Compliance Management",
      "description6": "Maintain compliance with industry regulations and standards. We assist in establishing and managing compliance controls within your cloud environment, ensuring adherence to relevant regulations.",
      "title7": "Threat Detection and Monitoring",
      "description7": "Implement proactive threat detection and monitoring strategies. Our services include setting up robust monitoring tools and implementing threat detection mechanisms to identify and respond to potential security threats.",
      "title8": "Security Automation",
      "description8": "Enhance security through automation. We deploy automated security measures, including policy enforcement and threat response, to streamline security processes and reduce manual intervention."
    }
  }
  
  
  
  