


  {
    "slug": "data-services-best-practices-on-cloud",

    "title": "Data Services Best Practices on Cloud",
    "introduction": "Unlock the full potential of your data on the cloud with our Data Services Best Practices. We provide strategic guidance and implement proven methodologies to ensure your data is secure, accessible, and optimized for performance.",
    "content": {
      "title1": "Data Governance Framework",
      "description1": "Establish a robust data governance framework. We help define data ownership, access controls, and policies to ensure data quality, integrity, and compliance with regulatory standards.",
      "title2": "Cloud Data Security",
      "description2": "Implement cutting-edge security measures for your cloud data. We address encryption, access controls, identity management, and data masking to safeguard your sensitive information from unauthorized access.",
      "title3": "Scalable Data Architecture",
      "description3": "Design and deploy scalable data architectures. We optimize database structures, employ sharding and partitioning techniques, and ensure your data infrastructure can efficiently handle growing volumes of information.",
      "title4": "Data Lifecycle Management",
      "description4": "Manage the entire data lifecycle seamlessly. From ingestion and storage to processing and archival, we develop strategies for efficient data management, ensuring data is utilized effectively throughout its lifecycle.",
      "title5": "Performance Tuning",
      "description5": "Optimize data processing and query performance. We fine-tune database configurations, optimize SQL queries, and implement caching mechanisms to enhance the overall performance of your data services.",
      "title6": "Cost-Effective Storage Solutions",
      "description6": "Optimize storage costs without compromising performance. We evaluate storage options, implement tiered storage strategies, and recommend cost-effective solutions for long-term data retention.",
      "title7": "Data Backup and Recovery",
      "description7": "Ensure the resilience of your data with robust backup and recovery solutions. We design and implement reliable backup strategies, enabling quick and secure recovery in the event of data loss or system failures.",
      "title8": "Data Monitoring and Alerts",
      "description8": "Establish proactive data monitoring practices. We set up monitoring tools, define key metrics, and configure alerts to detect and address potential issues, ensuring the continuous health and availability of your data services."
    }
  }
  
  
  
  