


  
  
  {
    "slug": "information-governance",

    "title": "Information Governance",
    "introduction": "Empower your organization with effective Information Governance strategies. Our services focus on ensuring that your information is managed, protected, and leveraged for optimal business outcomes.",
    "content": {
      "title1": "Policy Development",
      "description1": "Craft comprehensive information governance policies. We work with your organization to develop policies that govern data usage, access controls, data classification, and compliance requirements.",
      "title2": "Data Classification and Tagging",
      "description2": "Implement a robust data classification system. We help categorize and tag data based on sensitivity, enabling better management, access controls, and compliance with regulatory standards.",
      "title3": "Access Controls and Permissions",
      "description3": "Ensure secure access to information. We design and implement access controls, permissions, and authentication mechanisms to safeguard sensitive data from unauthorized access.",
      "title4": "Compliance Management",
      "description4": "Stay compliant with industry regulations. Our services include continuous monitoring, assessment, and adjustments to ensure that your information governance practices align with relevant compliance standards.",
      "title5": "Data Retention Strategies",
      "description5": "Develop effective data retention policies. We help define timelines for data retention, archival, and secure deletion to optimize storage resources and meet legal and regulatory requirements.",
      "title6": "Information Lifecycle Management (ILM)",
      "description6": "Implement a holistic Information Lifecycle Management strategy. We guide you through the entire lifecycle of information, from creation and usage to archiving and disposal, ensuring efficient and compliant data management.",
      "title7": "Data Privacy and Confidentiality",
      "description7": "Prioritize data privacy and confidentiality. Our services include encryption, anonymization, and monitoring mechanisms to protect sensitive information and uphold user privacy.",
      "title8": "Audit and Monitoring",
      "description8": "Establish robust audit and monitoring processes. We implement tools and practices to track data usage, modifications, and access, providing transparency and accountability in your information governance framework."
    }
  }
  