


  {
    "slug": "serverless-architecture",

    "title": "Serverless Architecture",
    "introduction": "Unlock unparalleled scalability, cost-efficiency, and agility with our serverless architecture solutions. Embrace a cloud-native approach that allows you to focus on building and deploying applications without managing traditional server infrastructure.",
    "content": {
      "title1": "Serverless Application Development",
      "description1": "Accelerate your application development without the need to provision or manage servers. Our team leverages serverless platforms to design and build applications that automatically scale based on demand, reducing operational overhead.",
      "title2": "Event-Driven Architecture",
      "description2": "Design responsive and scalable systems using an event-driven architecture. Utilize serverless functions to trigger actions in response to events, providing real-time processing and enabling seamless integration with various services and APIs.",
      "title3": "Cost Optimization",
      "description3": "Optimize costs by paying only for the compute resources used during the execution of functions. Serverless architecture eliminates the need for continuous server provisioning, resulting in significant cost savings for both development and operational expenses.",
      "title4": "Microservices Integration",
      "description4": "Architect applications as a collection of independent, loosely coupled microservices. Serverless computing facilitates microservices architecture, allowing each function to operate independently, scale autonomously, and integrate seamlessly with other services.",
      "title5": "Automated Scaling",
      "description5": "Enjoy automatic scaling based on actual usage. Serverless platforms automatically adjust the number of concurrent function instances to match demand, ensuring optimal performance and responsiveness during peak periods.",
      "title6": "Backend as a Service (BaaS)",
      "description6": "Simplify backend development with serverless Backend as a Service. Leverage managed services for databases, authentication, storage, and more, freeing your development team from the complexities of infrastructure management.",
      "title7": "Security and Compliance",
      "description7": "Prioritize security with serverless architectures. Benefit from built-in security features and leverage managed services with robust security controls. Our solutions adhere to industry compliance standards, ensuring data protection and regulatory compliance.",
      "title8": "Monitoring and Analytics",
      "description8": "Gain insights into application performance and user behavior. Implement comprehensive monitoring and analytics solutions for serverless applications, allowing you to track metrics, detect issues, and optimize for continuous improvement."
    }
  }
  
  
  