{
  "slug": "ad-hoc-reporting",
  "title": "Ad-Hoc Reporting Solutions",
  "introduction": "Unlock actionable insights and empower data-driven decision-making with our Ad-Hoc Reporting solutions. We specialize in providing dynamic and customizable reporting tools that allow you to explore, analyze, and visualize your data on-the-fly. From user-friendly interfaces to powerful analytics capabilities, our Ad-Hoc Reporting Solutions bring flexibility and efficiency to your business intelligence journey.",
  "content": {
    "title1": "Dynamic Exploration",
    "description1": "Initiate data exploration with our intuitive Ad-Hoc Reporting tools. Seamlessly navigate through datasets, filter information, and uncover meaningful insights with a user-friendly interface designed for effortless data exploration.",
    "title2": "Customizable Analytics",
    "description2": "Tailor analytics to your unique needs. Our Ad-Hoc Reporting solutions offer customizable features, allowing users to create personalized reports and dashboards that align precisely with their specific business questions and goals.",
    "title3": "Real-Time Insights",
    "description3": "Experience the power of real-time insights. Our Ad-Hoc Reporting tools provide up-to-the-minute data analysis, enabling timely decision-making and giving you a competitive edge in today's fast-paced business environment.",
    "title4": "Data Visualization",
    "description4": "Transform data into actionable visuals. Leverage our robust visualization tools to create compelling charts, graphs, and dashboards, turning complex datasets into easily digestible and impactful visual representations.",
    "title5": "Collaborative Reporting",
    "description5": "Foster collaboration with our collaborative reporting features. Share insights seamlessly with team members, facilitate data-driven discussions, and enhance collective decision-making within your organization.",
    "title6": "Data Security Measures",
    "description6": "Prioritize data security in your reporting processes. Our Ad-Hoc Reporting solutions implement robust security measures to safeguard sensitive information, ensuring the confidentiality and integrity of your data.",
    "title7": "User Training and Support",
    "description7": "Empower your team with comprehensive training and support. We offer user training sessions to maximize proficiency with our Ad-Hoc Reporting tools, and our dedicated support ensures a seamless and productive reporting experience."
  }
}
