


  
  {
    "slug": "data-mining",
    "title": "Data Mining Solutions",
    "introduction": "Discover hidden patterns and valuable insights within your data using our Data Mining Solutions. We specialize in extracting meaningful information from large datasets, unlocking the potential for informed decision-making and strategic planning. From pattern recognition to predictive modeling, our comprehensive solutions empower organizations to delve deeper into their data and extract actionable intelligence.",
    "content": {
      "title1": "Exploratory Data Analysis",
      "description1": "Initiate your data mining journey with exploratory data analysis. Our solutions delve into raw data, uncovering initial patterns and trends that provide a foundation for more in-depth analysis and interpretation.",
      "title2": "Pattern Recognition",
      "description2": "Elevate insights with advanced pattern recognition techniques. Our Data Mining Solutions utilize algorithms to identify intricate patterns within datasets, providing valuable information for understanding underlying structures and relationships.",
      "title3": "Predictive Modeling",
      "description3": "Anticipate future trends with predictive modeling. Leveraging machine learning algorithms, our solutions analyze historical data to make informed predictions, enabling proactive decision-making and strategic planning.",
      "title4": "Cluster Analysis",
      "description4": "Categorize data efficiently with cluster analysis. Our solutions group similar data points based on predefined criteria, allowing for the identification of distinct clusters and patterns within complex datasets.",
      "title5": "Association Rule Learning",
      "description5": "Uncover hidden connections with association rule learning. Our solutions identify relationships between variables, unveiling meaningful associations that contribute to a deeper understanding of your data.",
      "title6": "Data Visualization for Insights",
      "description6": "Transform data into actionable insights with visualization tools. Our solutions offer advanced data visualization techniques, simplifying complex mining results and aiding in the communication of key findings.",
      "title7": "Continuous Monitoring and Optimization",
      "description7": "Ensure ongoing efficiency with continuous monitoring and optimization. We provide strategies to refine data mining processes, adapt to evolving data landscapes, and ensure sustained value and innovation."
    }
  }
  