

  
  {
    "slug": "cloud-services-operations-and-maintainance",

    "title": "Cloud Service Operations and Maintenance",
    "introduction": "Optimize the performance and reliability of your cloud services with our Cloud Service Operations and Maintenance solutions. We provide end-to-end support, ensuring seamless operations and efficient maintenance of your cloud infrastructure.",
    "content": {
      "title1": "Continuous Monitoring",
      "description1": "Implement robust monitoring solutions to keep a continuous eye on your cloud services. We use advanced monitoring tools to detect performance issues, potential bottlenecks, and ensure optimal resource utilization.",
      "title2": "Performance Optimization",
      "description2": "Enhance the performance of your cloud services. Our experts analyze system performance, identify optimization opportunities, and implement improvements to ensure your applications run at peak efficiency.",
      "title3": "Scalability Planning",
      "description3": "Plan for scalability to accommodate growing workloads. We design scalable architectures and implement strategies to ensure your cloud services can seamlessly scale up or down based on demand.",
      "title4": "Routine Maintenance",
      "description4": "Execute routine maintenance tasks to keep your cloud infrastructure in top condition. We perform updates, patches, and regular checks to address potential vulnerabilities and maintain system stability.",
      "title5": "Backup and Disaster Recovery",
      "description5": "Safeguard your data with robust backup and disaster recovery solutions. We design and implement backup strategies to prevent data loss and ensure quick recovery in the event of unforeseen disasters.",
      "title6": "Cost Optimization",
      "description6": "Optimize cloud costs without compromising performance. Our services include cost analysis, resource optimization, and the implementation of cost-saving measures to maximize your return on investment.",
      "title7": "Incident Response",
      "description7": "Prepare for and respond to incidents swiftly. We establish incident response protocols, conduct drills, and ensure your team is well-equipped to handle and mitigate potential service disruptions.",
      "title8": "Documentation and Training",
      "description8": "Create comprehensive documentation and provide training for your team. We document configurations, procedures, and best practices, empowering your team to effectively manage and operate your cloud services."
    }
  }
  
  
  
  