


  {
    "slug": "cost-optimization-for-cloud-infrastructure",

    "title": "Cost Optimization for Cloud Infrastructure",
    "introduction": "Maximize the efficiency of your cloud spending with our Cost Optimization solutions. We analyze, strategize, and implement cost-saving measures to ensure you get the most value out of your cloud investment.",
    "content": {
      "title1": "Cost Assessment",
      "description1": "Conduct a thorough assessment of your current cloud costs. We analyze usage patterns, identify areas of overspending, and provide detailed insights into your cloud expenditure.",
      "title2": "Resource Right-Sizing",
      "description2": "Optimize your resource allocation to match actual usage. We identify over-provisioned resources, right-size instances, and ensure that you are paying only for the resources you need.",
      "title3": "Reserved Instances Planning",
      "description3": "Strategically leverage Reserved Instances to reduce costs. We analyze your usage patterns, recommend the appropriate reserved capacity, and help you benefit from significant cost savings.",
      "title4": "Spot Instances Utilization",
      "description4": "Take advantage of cost-effective Spot Instances for certain workloads. We design architectures that leverage Spot Instances, providing substantial savings for applications with flexible computing needs.",
      "title5": "Auto-Scaling Optimization",
      "description5": "Implement efficient auto-scaling policies to match demand. We optimize auto-scaling configurations, ensuring your infrastructure scales dynamically based on workload requirements, minimizing unnecessary costs.",
      "title6": "Cost Alerts and Budgeting",
      "description6": "Set up cost alerts and establish budgeting practices. We configure alerts to notify you of unexpected spikes in costs and help you establish budgets to proactively manage and control your cloud expenses.",
      "title7": "Vendor Discount Optimization",
      "description7": "Leverage available discounts and pricing plans from cloud vendors. We explore vendor-specific discount programs, negotiate pricing, and help you capitalize on cost-saving opportunities.",
      "title8": "Continuous Cost Monitoring",
      "description8": "Maintain ongoing visibility into your cloud costs. We implement continuous monitoring solutions, providing real-time insights and enabling timely adjustments to optimize your cloud spending."
    }
  }
  
  
  
  