


  {

    "slug": "on-prem-to-cloud-migrations",

    "title": "On Prem To Cloud Migrations",
    "introduction": "Seamlessly transition your infrastructure from on-premises environments to the cloud with our expert migration services. We facilitate a smooth and efficient migration process to optimize performance, scalability, and cost-effectiveness.",
    "content": {
      "title1": "Assessment and Planning",
      "description1": "Conduct a comprehensive assessment of your existing on-premises infrastructure. Our team collaborates with you to strategize and plan the migration process, identifying dependencies, risks, and opportunities for improvement.",
      "title2": "Data Migration",
      "description2": "Efficiently transfer your data to the cloud. We employ proven methods for secure and rapid data migration, ensuring minimal downtime and preserving data integrity throughout the transition.",
      "title3": "Application Migration",
      "description3": "Migrate your applications with minimal disruption. We work closely with your development and operations teams to move applications to the cloud, optimizing performance, scalability, and resource utilization.",
      "title4": "Infrastructure Deployment",
      "description4": "Deploy a scalable and resilient cloud infrastructure. Our experts design and implement the necessary cloud architecture, ensuring that your applications and services run efficiently in the new cloud environment.",
      "title5": "Testing and Validation",
      "description5": "Validate the migrated environment for performance and reliability. Rigorous testing is conducted to ensure that applications and data operate seamlessly in the cloud, meeting performance expectations and business requirements.",
      "title6": "Optimization and Cost Management",
      "description6": "Optimize your cloud resources for efficiency and cost-effectiveness. We provide ongoing support to fine-tune configurations, implement cost-saving measures, and ensure that your cloud environment aligns with your budgetary goals.",
      "title7": "Training and Transition Support",
      "description7": "Empower your team with the knowledge and skills needed for the cloud environment. We offer training sessions and transition support to ensure a smooth handover, enabling your team to manage and maintain the cloud infrastructure effectively.",
      "title8": "Post-Migration Support",
      "description8": "Receive continuous support after migration. Our team is available to address any post-migration issues, optimize configurations, and provide guidance on leveraging cloud services for ongoing success."
    }
  }
  
  
  
  