
  {
    "slug": "ai-implementation",

    "title": "AI Implementation Services",
    "introduction": "Embark on a journey of AI implementation with our comprehensive services. We bring cutting-edge artificial intelligence solutions to empower your business processes, drive innovation, and unlock new possibilities. From strategy development to seamless integration, our AI implementation services are tailored to elevate your organization's capabilities in the age of intelligent technologies.",
    "content": {
      "title1": "Strategic Planning",
      "description1": "Lay the groundwork for successful AI adoption. Our experts collaborate with your team to develop a strategic AI implementation plan, aligning technology initiatives with your business objectives and ensuring a roadmap for success.",
      "title2": "Customized Solutions",
      "description2": "Experience AI solutions tailored to your unique requirements. Our implementation services encompass custom model development, algorithm design, and the creation of intelligent systems designed to address your specific challenges.",
      "title3": "Data Integration and Processing",
      "description3": "Harness the power of your data. Our AI implementation includes seamless integration with your existing data infrastructure, ensuring efficient data processing, cleaning, and preparation for optimal machine learning model performance.",
      "title4": "Scalable Deployments",
      "description4": "Prepare for scalable AI applications. Our implementation strategies focus on scalability, allowing your AI solutions to grow alongside your business demands, ensuring consistent performance and adaptability.",
      "title5": "Monitoring and Optimization",
      "description5": "Ensure ongoing success with monitoring and optimization. We provide continuous support, monitoring AI models in real-time, identifying opportunities for improvement, and optimizing algorithms to meet evolving requirements."
    }
  }
  