

{

  "slug": "machine-learning", 
  "title": "Machine Learning",
  "introduction": "Explore the possibilities of Machine Learning (ML) with our cutting-edge solutions. Our ML services leverage advanced algorithms and data-driven insights to empower businesses and drive innovation.",
  "content": {
    "title1": "Predictive Analytics",
    "description1": "Harness the power of predictive analytics using machine learning. Our solutions enable businesses to analyze historical data, identify patterns, and make accurate predictions for informed decision-making.",
    "title2": "Recommendation Systems",
    "description2": "Enhance user experiences with personalized recommendations. Our machine learning algorithms analyze user behavior and preferences to deliver tailored content, product suggestions, and more.",
    "title3": "Natural Language Processing (NLP)",
    "description3": "Transform unstructured data into actionable insights with Natural Language Processing. Our ML services include advanced NLP techniques, enabling businesses to extract meaning from text and language data.",
    "title4": "Image and Video Analysis",
    "description4": "Unlock the potential of visual data through image and video analysis. Our machine learning models can analyze and interpret visual content, offering applications in security, healthcare, and more.",
    "title5": "Automation and Optimization",
    "description5": "Optimize business processes with machine learning automation. From workflow automation to resource optimization, our ML solutions drive efficiency and streamline operations.",
    "title6": "Anomaly Detection",
    "description6": "Identify anomalies and potential risks in your data. Our machine learning models utilize anomaly detection techniques to highlight unusual patterns or outliers, aiding in early problem detection.",
    "title7": "Custom ML Models",
    "description7": "Tailor machine learning models to your specific business needs. Our experts can design and implement custom ML models, ensuring they align perfectly with your unique goals and requirements."
  }
}
