{
  "slug": "big-data-analytics",
  "title": "Big Data Analytics Solutions",
  "introduction": "Unleash the power of your data with our Big Data Analytics Solutions. We specialize in transforming vast and complex datasets into actionable insights, empowering organizations to make informed decisions and stay ahead in today's data-driven landscape. From data processing to advanced analytics, our comprehensive solutions drive efficiency, innovation, and strategic growth.",
  "content": {
    "title1": "Data Processing",
    "description1": "Initiate your big data journey with streamlined data processing. Our solutions efficiently handle large volumes of diverse data, ensuring accuracy, completeness, and the optimization of raw information for meaningful analytics.",
    "title2": "Advanced Analytics",
    "description2": "Elevate your decision-making with advanced analytics capabilities. Our Big Data Analytics Solutions leverage machine learning and statistical models to uncover patterns, trends, and predictive insights from complex datasets.",
    "title3": "Real-Time Analytics",
    "description3": "Experience the immediacy of real-time analytics. Our solutions enable businesses to derive actionable insights in real-time, fostering agile responses to changing scenarios and enhancing competitiveness.",
    "title4": "Scalable Infrastructure",
    "description4": "Prepare for data scalability with robust infrastructure. We design and implement scalable architectures that accommodate the growing volume and complexity of big data, ensuring optimal performance at any scale.",
    "title5": "Data Security and Compliance",
    "description5": "Safeguard your data with stringent security and compliance measures. Our Big Data Analytics Solutions prioritize data integrity, confidentiality, and compliance with industry regulations, mitigating risks associated with large-scale data processing.",
    "title6": "Data Visualization and Reporting",
    "description6": "Transform raw data into actionable insights. Our solutions offer advanced data visualization and reporting tools, allowing users to communicate complex analytics findings in an understandable and impactful manner.",
    "title7": "Continuous Improvement and Optimization",
    "description7": "Ensure ongoing efficiency with continuous improvement. We provide regular optimization strategies, refining analytics processes, and adapting to evolving data landscapes, ensuring sustained value and innovation."
  }
}
