{
  "slug": "data-visualization",
  "title": "Data Visualization Solutions",
  "introduction": "Transform your data into compelling narratives with our Data Visualization Solutions. We specialize in creating visually impactful representations of complex data, enabling organizations to gain valuable insights at a glance. From interactive dashboards to dynamic charts, our solutions provide a user-friendly and intuitive way to explore, understand, and communicate data-driven stories.",
  "content": {
    "title1": "Interactive Dashboards",
    "description1": "Initiate your data visualization journey with interactive dashboards. Our solutions offer dynamic, user-friendly interfaces that allow you to explore and interact with your data, gaining real-time insights and fostering data-driven decision-making.",
    "title2": "Dynamic Charts and Graphs",
    "description2": "Elevate your presentations with dynamic charts and graphs. Our Data Visualization Solutions employ a variety of visualization techniques to present data in clear, comprehensible formats, enhancing the accessibility and impact of your insights.",
    "title3": "Geospatial Mapping",
    "description3": "Visualize location-based insights with geospatial mapping. Our solutions leverage mapping tools to represent data geographically, providing a spatial context that enhances understanding and facilitates location-specific decision-making.",
    "title4": "Time-Series Visualizations",
    "description4": "Anticipate trends with time-series visualizations. Our solutions enable the representation of data over time, allowing for the identification of patterns, trends, and anomalies crucial for strategic planning and forecasting.",
    "title5": "Customizable Reporting",
    "description5": "Tailor your reports to meet specific needs. Our Data Visualization Solutions offer customizable reporting features, allowing users to create personalized reports that address their unique business questions and objectives.",
    "title6": "Collaborative Visualization",
    "description6": "Foster collaboration with collaborative visualization tools. Our solutions facilitate data-driven discussions by allowing users to share, discuss, and collaborate on visualizations, enhancing collective decision-making within your organization.",
    "title7": "Continuous Innovation and Support",
    "description7": "Ensure ongoing innovation with continuous support. We provide updates and support to optimize your data visualization tools, adapting to evolving data requirements and ensuring that your visualizations remain cutting-edge and impactful."
  }
}
