{
  "slug": "predictive-analytics",
  "title": "Predictive Analytics Solutions",
  "introduction": "Harness the power of foresight with our Predictive Analytics Solutions. We specialize in leveraging advanced statistical models and machine learning algorithms to forecast future trends, enabling organizations to make proactive, data-driven decisions. From predictive modeling to risk assessment, our comprehensive solutions empower businesses to stay ahead in a dynamic and competitive landscape.",
  "content": {
    "title1": "Predictive Modeling",
    "description1": "Initiate your predictive analytics journey with robust predictive modeling. Our solutions utilize advanced algorithms to analyze historical data, identify patterns, and make accurate predictions, providing valuable insights for strategic planning and decision-making.",
    "title2": "Risk Assessment",
    "description2": "Mitigate risks effectively with predictive analytics. Our solutions assess and quantify potential risks, allowing organizations to proactively address challenges, optimize resource allocation, and make informed decisions to safeguard their objectives.",
    "title3": "Customer Segmentation",
    "description3": "Optimize marketing strategies with customer segmentation. Our solutions use predictive analytics to categorize customers based on behavior and preferences, enabling targeted marketing efforts and personalized customer experiences.",
    "title4": "Demand Forecasting",
    "description4": "Anticipate market demands with precision. Our Predictive Analytics Solutions analyze historical and current data to forecast future demands, facilitating optimized inventory management, production planning, and resource allocation.",
    "title5": "Fraud Detection",
    "description5": "Safeguard against fraud with predictive analytics. Our solutions employ advanced algorithms to detect anomalies and patterns indicative of fraudulent activities, providing real-time alerts and minimizing financial risks.",
    "title6": "Churn Prediction",
    "description6": "Retain customers effectively with churn prediction. Our solutions analyze customer behavior to predict potential churn, enabling proactive retention strategies and fostering customer loyalty.",
    "title7": "Continuous Monitoring and Optimization",
    "description7": "Ensure ongoing effectiveness with continuous monitoring and optimization. We provide strategies to refine predictive analytics models, adapting to evolving data landscapes, and ensuring sustained value and innovation."
  }
}
