{
  "slug": "empowering-manufacturing",
  "title": "Empowering Manufacturing with Predictive Analytics for Maintenance Efficiency",
  "description": "Optimizing manufacturing operations using data-driven predictive maintenance strategies.",
  "sections": [
    {
      "sectionTitle": "Challenges in Manufacturing and Machinery Maintenance",
      "content": "Manufacturing industries faced challenges in maintaining machinery, encountering frequent breakdowns, and incurring high maintenance costs. Unforeseen breakdowns led to production delays and financial losses."
    },
    {
      "sectionTitle": "Data-Driven Predictive Maintenance Solution",
      "content": "The proposed solution involved implementing a data-driven predictive maintenance system with IoT sensors for real-time data collection and machine learning models for predictive maintenance. This system enabled proactive monitoring and timely interventions for machinery health."
    },
    {
      "sectionTitle": "Improving Manufacturing Efficiency",
      "content": "The predictive maintenance system brought significant improvements by reducing maintenance costs, increasing machinery uptime, and enabling better planning with predictive alerts for maintenance schedules. It revolutionized manufacturing operations by optimizing machinery performance and reducing production downtime."
    }
  ]
}
