{
  "slug": "empowering-cities-with-iot",
  "title": "Empowering Cities with IoT: Smart Urban Planning for Sustainable Development",
  "description": "Leveraging IoT technology for sustainable and efficient urban development initiatives.",
  "sections": [
    {
      "sectionTitle": "Urban Planning Challenges and Sustainability",
      "content": "Cities faced multifaceted challenges such as resource management, traffic congestion, and environmental sustainability. The need for innovative solutions in urban planning became imperative to ensure efficient resource utilization and a sustainable environment for citizens."
    },
    {
      "sectionTitle": "IoT Integration and Real-Time Monitoring",
      "content": "The Smart City initiative harnessed IoT sensors and data analytics for real-time monitoring of traffic patterns, waste management, and energy consumption. This integration facilitated data-driven decisions for urban development, enabling proactive measures and sustainable resource allocation."
    },
    {
      "sectionTitle": "Building Sustainable Cities",
      "content": "The IoT-driven approach led to reduced traffic congestion, optimized resource utilization, lower emissions, and improved citizen life quality. By promoting sustainable practices and informed decision-making, it reshaped cities into environmentally friendly and livable urban spaces."
    }
  ]
}