{
  "slug": "revolutionizing-healthcare",
  "title": "Revolutionizing Healthcare with AI-Powered Remote Patient Monitoring Solutions",
  "description": "Transforming patient care through cutting-edge AI technologies and remote monitoring.",
  "sections": [
    {
      "sectionTitle": "Challenges in Remote Patient Monitoring",
      "content": "Healthcare providers faced significant challenges in remotely monitoring patient health due to limited access to real-time data and inefficiencies in traditional monitoring methods. The lack of immediate intervention often led to increased hospital readmissions and compromised patient care."
    },
    {
      "sectionTitle": "Innovative AI-Driven Solutions",
      "content": "The AI-driven healthcare platform employed advanced machine learning algorithms and IoT sensors to continuously monitor vital signs and patient data in real-time. This innovative solution offered predictive insights, enabling early interventions, personalized patient care plans, and precise health monitoring."
    },
    {
      "sectionTitle": "Impact on Patient Care and Outcomes",
      "content": "The implementation of remote patient monitoring significantly improved patient outcomes by reducing hospital readmissions, facilitating proactive care, and ensuring timely interventions based on predictive analysis. It revolutionized patient care by offering a seamless and personalized healthcare experience."
    }
  ]
}