{
  "services": [
    {
      "title": "Custom Web Application Design",
      "description": "Revamp your business process management. We offer end-to-end custom app development, from consulting and development to migration and support."
    },
    {
      "title": "Website Design & Development",
      "description": "We offer a wide range of solutions spanning all development and design phases, including adaptive, responsive websites, e-commerce solutions, website revamping, maintenance, etc."
    },
    {
      "title": "UI/UX Design",
      "description": "Turn to our long-standing design team specializing in corporate identity designs, responsive web solutions, print designs, motion graphics, and UX strategy and consulting."
    },
    {
      "title": "QA & Testing",
      "description": "Our manual testing, automation testing, and project assessment help us implement solutions that run without issues."
    },
    {
      "title": "API Integration",
      "description": "We can help you if you need to build or consume an API. Our teams have worked with various APIs, including Voice, Video, Payment, Cloud, Accounting, etc."
    },
    {
      "title": "Maintenance & Support",
      "description": "Our web application support and maintenance services cover everything from content updates, web programming, bug fixes, code reviews, SQL database support & updates, Mobile Apps (iOS & Android) support, and application hosting support."
    }
  ]
}
