

{

  "slug": "bi-reports-and-dashboard",

  "title": "BI Reports And Dashboard",
  "serviceDescription": "Empower your business decision-making with our BI Reports and Analytics services. We specialize in designing and implementing robust Business Intelligence solutions, providing insightful reports, and enabling data-driven strategies for your organization.",
  "keyFeatures": [
    "Custom BI Dashboard Design",
    "Data Visualization and Analysis",
    "Interactive Reporting",
    "Integration with Various Data Sources",
    "Predictive Analytics Capabilities",
    "Ad Hoc Reporting",
    "BI System Maintenance and Support",
    "User Training and Adoption Programs"
  ],
  "benefits": [
    "Strategic Decision-Making with Actionable Insights",
    "Improved Operational Efficiency",
    "Enhanced Data Visibility and Transparency",
    "Identifying Trends and Patterns in Real Time",
    "User-Friendly and Intuitive Dashboards",
    "Scalable Solutions for Growing Data Needs",
    "Cost-Effective BI Implementation",
    "Proactive Issue Identification and Resolution"
  ],
  "caseStudies": [
    {
      "title1": "Transformed Sales Performance Analysis",
      "description": "Discover how our BI Reports and Analytics services revolutionized a retail company's sales performance analysis, leading to better-targeted marketing strategies and increased revenue."
    },
    {
      "title2": "Optimized Supply Chain Management",
      "description": "Explore a case study showcasing our expertise in BI solutions, helping a logistics company optimize their supply chain processes by providing real-time visibility into inventory and logistics data."
    }
  ]
}
