


  
  
  {

    "slug": "data-architecture",

    "title": "Data Architecture",
    "serviceDescription": "Build a robust foundation for your data ecosystem with our Data Architecture services. We provide comprehensive solutions for designing, implementing, and managing data architectures that support your business goals and ensure data integrity, security, and accessibility.",
    "keyComponents": [
      "Database Design and Management",
      "Data Modeling",
      "ETL (Extract, Transform, Load) Processes",
      "Data Warehousing",
      "Data Governance",
      "Metadata Management",
      "Master Data Management (MDM)",
      "Data Integration"
    ],
    "benefits": [
      "Optimized Data Storage and Retrieval",
      "Improved Data Quality and Consistency",
      "Enhanced Data Security and Compliance",
      "Scalable and Flexible Data Infrastructure",
      "Efficient Data Processing Pipelines",
      "Facilitated Business Intelligence and Analytics",
      "Streamlined Data Governance Processes",
      "Interconnected Data Ecosystem"
    ],
    "caseStudies": [
      {
        "title1": "Scalable Data Warehousing",
        "description": "Discover how our Data Architecture expertise empowered a logistics company to implement a scalable data warehouse solution, supporting their growing data needs and enabling faster and more accurate decision-making."
      },
      {
        "title2": "Effective Data Governance",
        "description": "Explore a case study illustrating our success in establishing robust data governance practices for a healthcare client, ensuring data compliance, privacy, and security across their operations."
      }
    ]
  }
  