{
  "slug": "iot-integration",
  "title": "Website Design Services",
  "introduction": "Transform your online presence with our Website Design Services. Our team of skilled designers is dedicated to creating visually appealing, user-friendly websites that captivate audiences, drive engagement, and reflect the essence of your brand. Whether you're launching a new site or revamping an existing one, we bring creativity and functionality together for a compelling digital experience.",
  "content": {
    "title1": "Strategic Planning",
    "description1": "Start with a solid foundation through strategic planning. Our website design process begins with a comprehensive analysis of your business goals, target audience, and desired functionalities to create a tailored design strategy.",
    "title2": "Custom Design Concepts",
    "description2": "Experience unique design concepts tailored to your brand identity. Our designers craft custom visual elements, layouts, and color schemes that resonate with your brand, ensuring a distinctive and memorable online presence.",
    "title3": "Responsive Web Design",
    "description3": "Deliver a seamless experience across devices with responsive web design. Our designs prioritize responsiveness, adapting to various screen sizes and resolutions to provide users with a consistent and optimized viewing experience.",
    "title4": "User-Centric Approach",
    "description4": "Prioritize user experience with a user-centric approach. We focus on intuitive navigation, clear calls-to-action, and engaging visual elements to create a website that not only looks great but also guides users effectively.",
    "title5": "E-Commerce Integration",
    "description5": "Optimize for online sales with e-commerce integration. Our designers are experienced in creating visually appealing and user-friendly e-commerce interfaces, enhancing the shopping experience for your customers.",
    "title6": "Content Management Systems (CMS)",
    "description6": "Simplify content updates with CMS integration. We design websites with user-friendly CMS platforms, empowering you to easily manage and update your content, ensuring your site stays relevant and up-to-date.",
    "title7": "SEO-Friendly Design",
    "description7": "Boost online visibility with SEO-friendly design practices. Our designers implement SEO best practices in the design process, optimizing site structure, content hierarchy, and elements to enhance search engine rankings.",
    "title8": "Performance Optimization",
    "description8": "Ensure fast and reliable website performance. Our designs prioritize performance optimization, minimizing page load times and creating a smooth browsing experience for visitors.",
    "title9": "Branding Consistency",
    "description9": "Maintain brand consistency across the digital landscape. Our designers align website designs with your brand guidelines, ensuring a cohesive visual identity and reinforcing brand recognition online."
  }
}
