{
  "slug": "custom-mobile-app-development",
  "title": "Custom Mobile Application Development",
  "introduction": "Embark on a journey of innovation with our Custom Web Application Development services. We specialize in crafting bespoke web applications tailored to your unique business requirements. From concept to deployment, our expert development team ensures the creation of robust, scalable, and feature-rich web solutions that propel your business forward.",
  "content": {
    "title1": "Strategic Planning",
    "description1": "Initiate your project with comprehensive strategic planning. Our experts work closely with you to understand your business goals, user needs, and technical requirements, laying the foundation for a successful web application.",
    "title2": "User-Centric Design",
    "description2": "Prioritize user experience with a user-centric design approach. Our design team creates intuitive and visually appealing interfaces, ensuring that your web application not only meets but exceeds user expectations.",
    "title3": "Custom Development",
    "description3": "Experience the power of tailor-made solutions. Our developers leverage the latest technologies to build custom functionalities, ensuring that your web application aligns perfectly with your business processes and objectives.",
    "title4": "Scalability and Performance",
    "description4": "Prepare for growth with a scalable architecture. We design and develop web applications that can seamlessly scale with your business, ensuring optimal performance even as user demands increase.",
    "title5": "Security Measures",
    "description5": "Safeguard your data with robust security measures. Our development practices prioritize security at every level, implementing measures to protect your web application from potential vulnerabilities and threats.",
    "title6": "Quality Assurance",
    "description6": "Ensure flawless functionality with rigorous quality assurance. Our QA experts conduct thorough testing, including functionality testing, usability testing, and performance testing, to deliver a web application of the highest quality.",
    "title7": "Deployment and Maintenance",
    "description7": "Navigate the deployment process with ease. We handle the deployment of your web application and provide ongoing maintenance and support, ensuring that your digital presence remains secure, up-to-date, and fully functional."
  }
}
