{
  "slug": "maintenance-and-support",
  "title": "Maintenance and Support Services",
  "introduction": "Ensure the longevity and optimal performance of your digital solutions with our Maintenance and Support Services. Our dedicated team of experts is committed to providing ongoing support, proactive maintenance, and timely updates to keep your applications, websites, and systems running smoothly.",
  "content": {
    "title1": "Proactive Monitoring",
    "description1": "Stay ahead of potential issues with proactive monitoring. Our maintenance services include real-time monitoring of your applications and systems, allowing us to identify and address issues before they impact your users.",
    "title2": "Bug Fixes and Troubleshooting",
    "description2": "Experience prompt bug fixes and troubleshooting. Our support team is equipped to address any issues that may arise, ensuring that your digital solutions operate seamlessly and efficiently.",
    "title3": "Software Updates and Patches",
    "description3": "Keep your software up-to-date with the latest features and security patches. We provide regular software updates to enhance functionality, improve performance, and address any vulnerabilities that may arise.",
    "title4": "Performance Optimization",
    "description4": "Optimize the performance of your digital assets. Our maintenance services include performance assessments, identifying bottlenecks, and implementing optimizations to ensure optimal speed and responsiveness.",
    "title5": "Security Audits",
    "description5": "Prioritize the security of your applications. Our team conducts regular security audits, identifying potential vulnerabilities and implementing measures to protect your digital assets from evolving security threats.",
    "title6": "User Support and Training",
    "description6": "Empower your users with dedicated support and training. We offer user support services, addressing queries and providing assistance, along with training sessions to ensure that users can leverage your digital solutions effectively.",
    "title7": "Backup and Disaster Recovery",
    "description7": "Safeguard your data with robust backup and disaster recovery plans. Our maintenance services include regular data backups and the implementation of recovery strategies to mitigate the impact of unforeseen events."
  }
}
