{
  "slug": "ui-ux-design",
  "title": "UI/UX Design Services",
  "introduction": "Immerse your audience in exceptional digital experiences with our UI/UX Design Services. Our dedicated team of designers is passionate about creating visually stunning and user-centric designs that elevate your brand, engage users, and drive meaningful interactions. From intuitive user interfaces to captivating user experiences, we bring your digital vision to life.",
  "content": {
    "title1": "User Research and Analysis",
    "description1": "Understand your target audience and user behavior through thorough research and analysis. Our UI/UX design process begins with a deep dive into user demographics, preferences, and expectations to inform the design strategy.",
    "title2": "Wireframing and Prototyping",
    "description2": "Bring concepts to life with wireframing and prototyping. Our designers create visual blueprints and interactive prototypes that provide a tangible representation of the user interface, allowing for iterative refinement.",
    "title3": "Visual Design",
    "description3": "Craft visually appealing designs that align with your brand identity. Our visual design services focus on creating aesthetic interfaces, selecting color schemes, typography, and imagery to evoke the desired emotional response.",
    "title4": "Responsive Design",
    "description4": "Ensure a seamless user experience across devices with responsive design. Our designers prioritize responsive layouts, adaptive content, and fluid navigation to guarantee optimal performance on various screen sizes.",
    "title5": "Interaction Design",
    "description5": "Enhance user engagement with thoughtful interaction design. We focus on creating intuitive and meaningful interactions, incorporating animations, transitions, and micro-interactions to guide users through a seamless experience.",
    "title6": "Usability Testing",
    "description6": "Validate design effectiveness through usability testing. Our designers conduct rigorous testing to evaluate user interactions, identify pain points, and refine the user interface for optimal usability and satisfaction.",
    "title7": "Accessibility Design",
    "description7": "Ensure inclusivity with accessibility-focused design. Our UI/UX designs prioritize accessibility standards, making digital experiences usable for individuals with disabilities and enhancing overall user reach.",
    "title8": "Branding Integration",
    "description8": "Integrate brand elements seamlessly into the user interface. Our designers align UI/UX designs with your brand guidelines, fostering brand consistency and creating a cohesive visual identity across digital touchpoints."
  }
}
