
  {
  "slug": "ai-chatbots",

    "title": "AI Chatbot Services",
    "introduction": "Explore the transformative realm of AI Chatbot Services, where artificial intelligence meets seamless communication. Our advanced chatbot solutions are crafted to elevate user experiences, enhance customer engagement, and drive operational efficiency. Powered by state-of-the-art natural language processing and machine learning, our chatbots are more than just automated responses; they are intelligent conversational agents designed to understand, learn, and adapt.",
    "content": {
      "title1": "Conversational Intelligence",
      "description1": "Immerse your users in meaningful conversations. Our chatbots are equipped with advanced conversational intelligence to understand user queries, provide relevant information, and offer a personalized experience.",
      "title2": "Effortless Automation",
      "description2": "Streamline your processes with AI-driven automation. Our chatbots effortlessly handle routine tasks, answer frequently asked questions, and automate workflows, freeing up human resources for more complex challenges.",
      "title3": "Personalized Interactions",
      "description3": "Tailor your interactions with users. Our chatbots leverage machine learning to analyze user preferences, past interactions, and behaviors, delivering personalized responses and recommendations for a unique experience.",
      "title4": "Seamless Integration",
      "description4": "Integrate chatbots seamlessly into your existing platforms and applications. Enhance your digital ecosystem with AI-powered chat functionalities, ensuring a cohesive and unified user experience.",
      "title5": "Continuous Learning",
      "description5": "Experience chatbots that evolve with every interaction. Our models are designed for continuous learning, adapting to user feedback, industry trends, and changing dynamics to improve performance over time."
    }
  }
  