

{
    "slug": "deep-learning",

    "title": "Deep Learning Services",
    "introduction": "Dive into the world of Deep Learning with our specialized services. Our team of experts leverages advanced neural networks and state-of-the-art techniques to unlock the full potential of deep learning for your business. From image recognition to natural language processing, our deep learning services are designed to bring intelligence to your applications.",
    "content": {
      "title1": "Neural Network Architecture",
      "description1": "Explore advanced neural network architectures. Our deep learning services include the design and implementation of custom neural network structures tailored to your specific use cases, ensuring optimal performance.",
      "title2": "Computer Vision Solutions",
      "description2": "See the unseen with computer vision. Unleash the power of deep learning for image and video analysis, enabling applications such as object detection, image recognition, and content understanding.",
      "title3": "Natural Language Processing (NLP)",
      "description3": "Transform language into insights. Our deep learning expertise extends to natural language processing, enabling machines to understand, interpret, and generate human-like text for applications like chatbots and language translation.",
      "title4": "Predictive Analytics",
      "description4": "Predict the future with deep learning. Leverage predictive modeling and analytics powered by deep learning algorithms to forecast trends, make data-driven decisions, and gain a competitive edge in your industry.",
      "title5": "Continuous Learning Models",
      "description5": "Enable machines to learn continuously. Our deep learning services focus on developing models that can adapt and learn from new data, ensuring that your applications stay intelligent and up-to-date."
    }
  }
  