

{
    "slug": "generative-ai-apps",

    "title": "Generative AI Apps",
    "introduction": "Experience the creativity and innovation of Generative AI with our dedicated app development services. Our team specializes in building cutting-edge applications that leverage Generative AI to generate content, designs, and solutions that go beyond traditional programming. Explore the possibilities with our Generative AI Apps.",
    "content": {
      "title1": "Artistic Content Generation",
      "description1": "Unlock artistic potential with Generative AI. Our apps harness the power of Generative AI to create unique and visually stunning content, from paintings and drawings to multimedia art forms.",
      "title2": "Custom Design Creation",
      "description2": "Tailor-made designs at your fingertips. Our Generative AI Apps enable the generation of custom designs for various purposes, including branding, marketing materials, and user interfaces.",
      "title3": "Text and Code Generation",
      "description3": "Automate text and code creation. Experience the efficiency of Generative AI in generating textual content and code snippets, streamlining the content creation and development processes.",
      "title4": "Idea and Concept Generation",
      "description4": "Fuel creativity with AI-generated ideas. Our apps help in brainstorming and ideation by using Generative AI to generate novel concepts, ideas, and innovative solutions for your projects.",
      "title5": "Interactive Storytelling",
      "description5": "Engage users with interactive narratives. Our Generative AI Apps are designed for interactive storytelling, allowing users to experience dynamically generated stories and narratives tailored to their preferences."
    }
  }
  