{
  "slug":"nlp-implementation",
  "title": "NLP Implementation",
  "introduction": "Delve into the world of Natural Language Processing (NLP) with our expert implementation services. NLP opens up exciting possibilities for understanding, interpreting, and generating human language, revolutionizing how businesses interact with textual data.",
  "content": {
    "title1": "Sentiment Analysis",
    "description1": "Gain valuable insights into customer opinions and emotions through sentiment analysis. Our NLP implementation can analyze textual data to determine sentiment, helping businesses understand and respond to customer feedback.",
    "title2": "Named Entity Recognition (NER)",
    "description2": "Extract meaningful information from text by identifying and classifying entities such as names, locations, and organizations. Our NLP models offer accurate Named Entity Recognition for improved data understanding.",
    "title3": "Language Translation",
    "description3": "Break down language barriers and expand your global reach with language translation capabilities. Our NLP solutions support accurate and context-aware language translation for diverse communication needs.",
    "title4": "Text Summarization",
    "description4": "Efficiently process and distill large volumes of text with automatic summarization. Our NLP models can generate concise and coherent summaries, saving time and providing quick insights.",
    "title5": "Chatbot Development",
    "description5": "Enhance customer engagement and support with intelligent chatbots. Our NLP-powered chatbots are designed to understand user queries, provide relevant information, and offer a seamless conversational experience.",
    "title6": "Document Classification",
    "description6": "Organize and categorize textual documents with precision using document classification. Our NLP algorithms can analyze content to assign relevant categories, facilitating efficient information retrieval.",
    "title7": "Speech Recognition",
    "description7": "Transform spoken language into text with accurate speech recognition. Our NLP solutions include advanced speech-to-text capabilities, suitable for applications in transcription and voice-activated systems."
  }
}
