{
  "slug": "blockchain-powered-transparency",
  "title": "Blockchain-Powered Transparency: Revolutionizing Global Supply Chains",
  "description": "Enhancing supply chain traceability and authenticity using innovative blockchain technology.",
  "sections": [
    {
      "sectionTitle": "Supply Chain Challenges and Complexity",
      "content": "Global supply chains grappled with various challenges, including transparency, traceability, and product authentication. Issues like counterfeit products, inefficient logistics, and lack of trust among stakeholders posed significant hurdles."
    },
    {
      "sectionTitle": "Blockchain Implementation and Traceability",
      "content": "The adoption of blockchain technology provided an immutable ledger for tracking products from origin to destination, ensuring authenticity, reducing fraud, and enabling efficient supply chain management. This implementation revolutionized transparency and traceability, significantly mitigating issues related to counterfeit products and supply chain inefficiencies."
    },
    {
      "sectionTitle": "Transforming Supply Chain Operations",
      "content": "The blockchain-enabled supply chain solution brought a transformative shift by improving transparency, reducing counterfeit products, minimizing disputes, and fostering trust among stakeholders. It optimized supply chain operations, thereby reshaping the future of global logistics and authenticity assurance."
    }
  ]
}