{
    "slug": "combatting-financial-fraud",
    "title": "Combatting  Financial Fraud with Advanced AI Algorithms",
    "description": "Deploying AI-based systems for proactive detection and prevention of financial fraud.",
    "sections": [
      {
        "sectionTitle": "Challenges in Financial Security and Fraudulent Activities",
        "content": "Financial institutions encountered significant challenges in detecting and preventing fraudulent activities, which resulted in substantial financial losses and posed security threats to customers' assets."
      },
      {
        "sectionTitle": "AI-Powered Fraud Detection Mechanisms",
        "content": "The AI-based fraud detection system utilized sophisticated machine learning algorithms to analyze transactional data, identify anomalies, and detect potential fraud patterns. This advanced system enabled proactive fraud prevention and risk mitigation measures."
      },
      {
        "sectionTitle": "Mitigating Financial Risks and Ensuring Security",
        "content": "The implementation of AI-driven fraud detection significantly reduced financial risks, strengthened security measures, and enhanced customer trust. It revolutionized financial security practices by fostering a proactive approach towards fraud prevention and ensuring asset protection for customers."
      }
    ]
  }